{
  "name": "byutv-jsonp",
  "version": "1.3.0",
  "authors": [
    "Ron Peterson"
  ],
  "description": "The <byutv-jsonp> Polymer v1.0+ element exposes JSONP network request functionality.",
  "keywords": [
    "web-component",
    "web-components",
    "byutv-jsonp",
    "byutv",
    "jsonp",
    "byutv-elements-jsonp",
    "byutv-elements",
    "byutv-behaviors-jsonp",
    "byutv-behaviors",
    "element",
    "elements",
    "behavior",
    "behaviors",
    "polymer",
    "iron-ajax",
    "iron-jsonp"
  ],
  "main": [
    "byutv-jsonp.html"
  ],
  "license": "MIT",
  "homepage": "http://coderfin.github.io/byutv-jsonp/components/byutv-jsonp/",
  "ignore": [
    "/.*",
    "/test/",
    "/demo/",
    "/preview/"
  ],
  "dependencies": {
    "polymer": "Polymer/polymer#^1.0.0"
  },
  "devDependencies": {
    "iron-component-page": "PolymerElements/iron-component-page#^1.0.0",
    "web-component-tester": "*"
  },
  "_release": "1.3.0",
  "_resolution": {
    "type": "version",
    "tag": "v1.3.0",
    "commit": "5571af68eceb60d6f76894493f98b8e8873c446b"
  },
  "_source": "https://github.com/coderfin/byutv-jsonp.git",
  "_target": "^1.2.0",
  "_originalSource": "byutv-jsonp"
}