{
  "name": "iron-a11y-keys",
  "version": "1.0.7",
  "description": "A basic element implementation of iron-a11y-keys-behavior, matching the legacy core-a11y-keys.",
  "keywords": [
    "web-components",
    "web-component",
    "polymer",
    "a11y",
    "input"
  ],
  "authors": [
    "The Polymer Authors"
  ],
  "repository": {
    "type": "git",
    "url": "git://github.com/PolymerElements/iron-a11y-keys.git"
  },
  "main": "iron-a11y-keys.html",
  "license": "http://polymer.github.io/LICENSE.txt",
  "dependencies": {
    "polymer": "polymer/polymer#^1.1.0",
    "iron-a11y-keys-behavior": "polymerelements/iron-a11y-keys-behavior#^1.0.0"
  },
  "devDependencies": {
    "paper-styles": "PolymerElements/paper-styles#^1.0.2",
    "iron-component-page": "polymerelements/iron-component-page#^1.0.0",
    "test-fixture": "polymerelements/test-fixture#^1.0.0",
    "webcomponentsjs": "webcomponents/webcomponentsjs#^0.7.0",
    "web-component-tester": "^4.0.0",
    "iron-test-helpers": "polymerelements/iron-test-helpers#^1.0.0"
  },
  "ignore": [],
  "homepage": "https://github.com/PolymerElements/iron-a11y-keys",
  "_release": "1.0.7",
  "_resolution": {
    "type": "version",
    "tag": "v1.0.7",
    "commit": "7830e675c3d0df6e7a7377d64fc3d6e6ae0e65a5"
  },
  "_source": "https://github.com/PolymerElements/iron-a11y-keys.git",
  "_target": "^1.0.0",
  "_originalSource": "PolymerElements/iron-a11y-keys"
}