{
  "name": "gl-grid",
  "homepage": "https://github.com/9lon/gl-grid",
  "authors": [
    "pongpanot-t <pongpanot.t@nexts-corp.com>"
  ],
  "description": "Grid for components",
  "main": "",
  "license": "",
  "ignore": [
    "**/.*",
    "node_modules",
    "bower_components",
    "test",
    "tests"
  ],
  "devDependencies": {
    "polymer": "Polymer/polymer#^1.6.1"
  },
  "dependencies": {
    "element-resize-detector": "^1.1.7"
  },
  "version": "0.1.2",
  "_release": "0.1.2",
  "_resolution": {
    "type": "version",
    "tag": "v0.1.2",
    "commit": "1ffa0af47ebe054ca5f84658e2e0fe89933cb082"
  },
  "_source": "https://github.com/9lon/gl-grid.git",
  "_target": "^0.1.2",
  "_originalSource": "glon-gl-grid"
}